"","Overall","Overall","Overall","Overall","Overall","Overall","Overall","Overall","Overall","Overall","Overall","Overall","Overall","Overall","Overall","Overall","Overall","Overall","Overall","Overall","Overall","Overall","Overall","Overall","Overall","Overall","Overall","Overall","Overall","Overall","Overall","Overall","Overall","Overall","Overall","Overall","Overall","Overall","Overall","Overall","Overall","Overall","Overall","Overall","Overall","Overall","Overall","Overall","Overall","Overall","Overall","Overall","Overall","Overall","Overall","Overall","Overall","Overall","Overall","Overall","Overall","Overall","Overall","Overall","Overall","Overall","Overall","Overall","Overall","Overall","Overall","Overall","Overall","Overall","Overall","Overall","Overall","Overall","Overall","Overall","Overall","Overall","Overall","Overall","Overall","Overall","Overall","Overall","Overall","Overall","Overall","Overall","Overall","Overall","Overall","Overall","Overall","Overall","Overall","Overall"
"ano",2.73731236269841,2.25357994360686,2.32774842447461,2.45526499977591,2.55247663135898,2.53813448951794,2.47401971335848,2.6706783922943,2.04910339299437,2.37521948814514,2.40331922733004,2.51307612902145,2.96453954707275,2.56275209476271,2.5696794601011,2.59626177976405,2.46840277626741,2.61257014874304,2.54908337297426,2.47074087642655,2.15089047429049,2.7200236616187,2.43209154890893,2.4595802386786,2.77263119275264,2.74110471365407,2.25623026545691,2.43379942519161,2.75510479265661,2.4460614800977,2.66483359852735,2.27309472354204,2.56693951293341,2.61000884763852,2.20662720342489,2.31266730737271,2.39262255812301,2.52648207925233,2.51590871357917,2.43181771557482,2.57413059573109,2.54466565311488,2.49287761332884,2.55906768810665,2.57521611079461,2.00695824457134,2.59470913854192,2.4958590509106,2.75554759607453,2.65713387304117,2.50462107541514,2.72062039779195,2.86550450951313,2.13063802961103,2.54674773660229,2.6596968516822,2.76079052605393,2.47863359680303,2.40853980879424,2.48414286921799,2.82263393508899,2.1956203826225,2.3654484715509,2.5353600573504,2.33420980468087,2.79622708470136,2.49390771633071,2.12297093464194,2.90216639597208,2.49779636592765,2.30284675068835,2.37339962214764,2.58901869713583,2.53519308261296,2.79217636965252,2.73065737953329,2.41297135290311,2.37580633816981,2.45426307652789,2.43535826579734,2.33973725686661,2.6295775242317,2.40802334324256,2.64902522941501,2.45845852502253,2.64299523502498,2.7012927358347,2.54439729273982,2.87907297677964,2.22853695068008,2.55897527718527,2.60517516644225,2.75461619828119,2.57643599999665,2.54870914011507,2.94743045901785,2.55002245168735,2.44576268821558,2.9131805381163,2.26427645300313
"tipo_de_produccion",7.66501050287586,7.8336981467899,8.92052971835156,7.96633116937091,7.64522226092168,8.25779317767283,8.55897470960142,8.25988290777784,6.84305352585622,8.94094352374817,7.74752186275215,8.7667985817952,8.94969021103029,6.97810220765061,8.97926485845104,9.34832486143895,8.1068395235493,7.63215619543354,7.25734880424258,8.07903056663512,8.64549051539186,9.26315139190549,9.18713980788923,7.13803876819707,8.17240407204258,7.21147147575388,9.5378320851781,8.42652153850422,7.2780229011407,7.74188061387098,8.98941962292614,8.05008359109786,7.89927692160374,9.89703153540382,8.01250549507935,8.37804695413524,7.41275461634344,7.5438444273894,7.8760532538317,6.63826491551483,7.40398892178873,8.53847598281545,6.6832162341439,8.75639233183208,6.51877713696709,8.59873540161685,8.07562441218216,8.32455519157987,7.56036005097125,9.24275451350373,7.38088093038868,7.58727291033564,7.58378193888286,6.60345210310722,7.87426946477571,7.77428367969328,7.4558105852179,8.43484618679647,8.69356369578251,8.30740935686571,7.6148457009564,8.8535175616052,7.87607910236558,8.4413268387104,9.40836797356507,8.2390639857345,7.16324951127639,8.0393899860833,7.44112838060089,9.07514713423262,8.86458666128068,7.3539598765969,8.607757352899,7.63560461621968,8.18883059020555,9.51045844540576,7.9570250607027,8.83169070333081,8.90083690805668,8.63092306806406,8.43864343125528,8.72170314118853,7.75105686479218,7.56418538790506,7.79785715913088,8.47265649213836,7.97401040613974,8.05445548536213,8.19947727340779,9.91262416360513,8.37398368846548,8.71787910664215,7.05060080024642,7.95795436460179,7.66237331891348,8.09522901092867,8.53659940880859,8.86620019262288,8.7268371810923,7.6619576502973
"superficie__ha",2.82449090190333,3.09218341951665,3.06108624122291,3.20613852646411,2.98986072981561,3.15213747551428,3.23257916047729,3.53362889073845,2.83263160421136,2.99080629844033,3.18901221592729,2.99105368633426,3.11703720954113,2.86057539924942,2.82780790143056,2.67401445014451,3.30600024976786,3.49864580773186,2.53701148837056,2.84585066314353,2.97979386648329,2.71066028595109,3.01102833949601,3.28072683749094,2.94167542726663,3.04143048150095,3.20629349677422,2.91336304164667,3.19761277575074,2.66790305542348,3.40317741786289,3.36188247924138,3.10909540299667,3.17572743168458,3.54633307636394,3.21962922081138,2.85735286767383,3.22948002788585,2.90845233867454,2.85266018745165,3.5726925899323,3.2604079264775,3.45417706443977,3.19399371562363,3.28032850615586,3.08444558165717,3.2991245346941,3.11216910654315,3.08793636204196,3.46582569781668,3.22039449178141,3.01969165471061,3.20851412417828,3.47621607671438,2.73979903333693,2.93677718092681,3.20670752193089,2.80388776847914,2.85587142484598,3.14211086615424,2.92951474737357,3.5476955541673,3.14291377874196,3.40209485102131,2.91554194128238,2.87830421306046,2.83368952706931,3.20578347416503,3.009778515107,3.03130703189741,2.91372052902303,2.97668849368442,2.85145084372139,3.06690409305228,3.40200716043891,3.25960885101149,2.77117179977281,3.37512010195906,3.3776542976058,2.84850331455903,3.1214899642119,3.07546752483856,2.98155297990318,3.59747592053368,3.21306541648716,2.85796195383902,3.03984436972108,3.02701581068304,3.06566044897803,2.92520143930932,3.36979723567803,2.86760997021811,2.98094506054424,3.24694836057958,2.52615271039643,3.34933776084669,2.92431146650038,3.24367627903723,3.06274931325597,3.18247647997363
"latitud_n",7.90906849206471,7.35832647383302,8.03300036651428,7.43274398024904,7.86382740958857,7.8412009625214,8.24451562389545,8.27459952131696,7.33028091028975,6.75884125647097,7.79034817682778,9.49495365047673,8.04677925862709,7.60224005834207,8.7180721247578,8.62367750923491,8.13879360417745,7.24944509523218,7.24131900429846,7.89109003420562,6.90963911049029,9.33092365640772,8.80046246451726,7.97767675619937,7.74411930126198,7.41278048878196,8.63803569200762,8.00796873792939,7.26664688402307,7.01549316545927,9.64594575726491,8.4409901260441,7.49023513387105,8.29832498725237,8.38811584767341,8.15100234553597,7.04763766948603,7.12842742894887,7.78908934773002,6.86412933885374,7.81864001516964,8.23980084268037,7.56240238856268,9.13339682866651,6.85750476028689,8.14675870761105,7.09771707105924,7.37296104598614,7.5324639685281,7.9760832250803,7.43308893114299,8.57516752647321,7.24504189652439,7.04021750791669,6.91995982350577,8.29187447032857,8.05852774177093,7.47187384999781,7.77289774017033,9.26865456856276,8.0233762890397,8.66110967341941,8.17735904358206,8.16111746150232,7.12521549899022,8.29580267309585,8.01046014008135,7.23236747828524,7.03510177206434,9.05866848095575,8.15540655033202,7.01426567229689,8.18870810062279,7.72669806295032,7.8732715288603,8.93397956256817,8.30399025772144,8.33204452515554,8.04025790577227,7.1157137511872,7.75838460143537,9.17817597339648,8.04250165107103,7.54076740464827,7.88967597387943,7.71047882338087,7.79409015151136,7.81846162625029,8.13432305268529,8.9714117304828,7.92633867029237,7.97353668490251,6.88226975264334,7.06275349258703,7.77834362558084,7.89276456813878,7.95857455081726,8.74772173315551,8.02610101182279,8.56011765848982
"longitud_w",5.1717536895971,5.23071563233507,6.29330833843868,5.85228201479644,5.12564086669244,5.15874417522405,6.48344353967502,6.01814303251795,5.69204663953079,5.24235126285602,5.73567628526338,5.92247142992523,5.82032102665439,5.19898011696097,6.39125575165052,6.29215576034624,6.63503833279108,6.0020466590393,4.64495328721914,5.25215709989263,6.22350604962548,6.26297641180961,6.55647978744462,6.17354029063675,6.00747063332101,5.61334380691176,6.83713370590064,6.85358215499243,5.40220939329164,3.92679704439139,5.73654413937106,5.92104209285429,6.11887498445115,5.63681854015856,7.32160359322213,5.41031729228299,5.17803465493872,5.96812153660431,5.04737168343334,4.81290629333574,6.63442445403175,5.70627255130893,5.86385908850163,6.44544011862272,4.40786759608285,5.34982977946632,6.04126526926992,5.82968694472844,5.72828226560261,5.93775977232851,5.99901765202363,6.17414892332363,5.0843569467985,5.5358614657252,4.78656696513012,6.16491216092122,5.48812342036495,5.71353781059696,5.80084052071508,6.12425408868735,6.01109159077825,6.88360286089552,5.86071139793027,5.9723542128659,6.71467301815873,5.83313786360326,5.17985227516479,5.91023844416069,5.10370882933493,6.74158023454577,6.37469670521827,5.83636298586498,6.10031606223233,5.14377619545504,5.37639709044507,5.96429436777913,6.27305589636044,6.2683385211021,5.7975434070151,5.71689372304675,6.0050659678984,5.95471097796393,5.10747443192955,5.2343506132951,6.51665651742396,5.90210429358114,4.62631484849747,6.04925945811169,4.82046949731461,5.18153625852836,5.02053822972848,6.14443634676561,4.69850114634566,5.66813705347942,5.70906602973081,5.75859241779942,5.76663662075095,6.44871792858056,6.15273368658663,6.01592585580352
"tipo_de_parcela__testigo_o_innovacion",0.282465705549449,0,0,0,0,0,0,0,0.165588976068994,0.0478169688946217,0,0,0,0,0.379696757531897,0,0,0.0470169913577828,0,0,0,0,0.508696652484289,0,0,0,0,0,0,0,0.0777524111761326,0,0,0.45707330427266,0,0,0,0,0.281881852034236,0,0,0,0,0.0321431707284272,0,0.725776052983132,0,0,0,0,0,0,0,0,0,0,0,0.131510542687211,0,0.198385334599811,0.145545906982184,0.154491232531277,0,0,0,0,0,0,0.286782094966631,0.531855164049127,0.114439075642709,0,0,0.461018211815795,0,0.00318960463719683,0.00434225195385264,0,0,0,0,0,0.19746194988733,0,0,0,0,0.33523120878279,0.178764788543661,0.232323838462876,0,0,0,0,0.26612830280475,0.462175853561337,0,0,0,0
"tipo_de_labranza",0.643402146243659,1.28754307887033,1.52551251222663,1.03340873108856,0.913102306553123,0.96290747763876,0.823925617799868,0.769571148623999,0.966609481537611,0.683399897410796,0.940955194760604,1.00857877428449,0.580379733643465,0.611936626339323,0.565665979763695,0.601839263492494,1.10408541477276,1.01830821854424,0.637590623741455,1.35329955510431,0.905426038531664,0.617286321731103,0.567479202612709,0.830766587883673,0.760860472781803,0.720155486424796,0.291662515525949,0.868325835478799,0.930957531352897,1.08077076176536,0.265240326065898,0.658993101626788,1.06951524793364,0.668892863381425,0.969098689516325,0.959538202900731,0.527328673778378,1.20615304193348,1.30750151683826,1.30781270146092,0.845955708039645,0.322005979284016,0.662929820005524,0.582289851019675,1.09730096145168,1.24726866740694,1.21950532989094,1.24786112991554,1.22707934353333,0.404380107537788,0.886631917329549,0.524818466525436,1.27268939180482,1.2151592523283,1.2714236434411,0.867734380383128,1.12106150035973,0.416576807876287,0.729361156828294,0.393727326580597,0.80436612405766,0.773058883912534,1.13338541573827,0.950825567638972,0.736218648754468,1.01097138493606,0.839097758289248,0.331735381760878,0.668813758779123,0.765824757769976,0.770238548298415,1.29643209100959,0.795443412903308,0.795160806920119,0.514191453696041,0.891986205853364,1.16756600491002,0.852545470495819,0.471420280235039,1.44059065886156,0.904831205499455,1.09399291734957,0.800302788477243,1.37608669138296,1.05649227053757,1.21261038472532,0.859000987783951,0.498534309241657,0.464858926357466,1.02653118148233,0.789972669774864,1.33859405950217,1.20853595496752,0.963973267505961,1.41543322721249,0.651199603914944,1.1372434844095,1.00487956535915,0.746675381022675,1.41116738667273
"PREPARACIONSUELOCONHERBICIDA",0.651184202180366,1.2177264678441,1.29858138358528,0.658278960990814,1.32718179532939,1.45754031883954,1.31888209702564,0.934164131426414,0.822916550743159,1.29655442541154,0.828716472585027,0.785210986251399,0.956007846687615,1.06243331203049,0.617927405565055,0.585580921677036,0.46059305588089,1.47167260172979,1.15034395028437,1.31089463277127,1.51079144192002,0.738794762363032,1.23783182008886,1.28289831368207,0.72754529954505,1.01261247672965,1.14727709366368,1.02790391636504,1.39021005607811,1.42541282716411,0.4264134305477,1.28553943603562,1.09028295985618,1.41926888964992,0.506279761714669,0.993450017102381,1.33711139377721,1.65391531525964,1.2885264285442,1.69664878728539,1.5441834288292,0.731176494750736,0.766671602766758,0.405104005822917,1.07664658929211,1.58873474460974,1.11994208650938,1.47680744598983,1.60976815198225,0.809343060968219,0.923637887016542,0.928520311759157,1.07639179397975,1.19098536826698,1.4305470805685,1.31131155472556,0.863170939814113,0.794752792246125,0.965500478684652,0.612088255326327,0.48453620088158,0.716048652803598,0.920954856844649,1.01168340917325,0.991371321498292,0.779759132253495,1.0086388920463,1.14436251426656,1.10648652501291,0.251695837448232,1.05870600930198,1.71078901077372,1.42164733118092,0.278499610259066,1.18227214000046,1.20864873215639,1.23657457295887,1.11052859995534,0.987697150363918,1.34093758417169,0.941847275644996,0.896989841117487,1.20787823435777,1.29416319562169,1.34069304100639,1.20597994685776,1.29632433190751,0.961948518018449,1.19027262854914,1.30004732803497,1.00887426751673,1.07758999592944,1.31554713543579,1.39942666146882,1.10229346562422,1.04737419790573,1.47339452771078,1.76885439663941,1.30575756939682,1.55981573235166
"FERTILIZACIONQUIMICAALSUELO",2.55372146171111,3.9596482793237,2.98600096380819,3.30841909497728,3.17859827445827,3.39657526384405,3.58919714924408,3.55536201331604,2.48073683831183,3.65262536282018,3.20518426571552,3.46401413778334,3.30491132960318,2.77111529586431,3.59327746406125,3.20791072952521,3.3588574564341,3.27341271620124,2.5494469127667,3.36741533841059,3.35944802856976,3.04696294957092,3.20166084287983,3.41024309757044,2.70700970055464,3.07985976929596,3.07493658578875,3.35003823566881,3.33892183440421,2.85138450552388,2.67269744742162,3.71799729901364,3.36193640589388,3.34000402763361,2.6177808922887,4.21587894518812,3.09683721021408,3.51074298345255,2.77335050550067,3.87801544126044,3.08051619235694,3.36636753664436,2.93977545297122,3.79252576253243,2.7575949899255,2.57933901971746,3.4981878346295,4.09338437533665,3.28779450468505,2.84617601407169,3.09842344340034,2.79817434411694,3.66756352077894,3.64802522471597,3.14767390654462,2.85312638936977,3.47105444741588,3.02652422407078,3.15180887002754,3.09107300588745,3.35316530471913,3.43182509391907,3.67890716985575,3.17861015365603,3.1213551823653,3.71564986877335,2.34610026825807,3.40067795824684,2.80797482792227,3.02681175630742,4.01680695032436,3.16688193724869,2.7418429413717,4.05182430174231,3.38959245628352,3.51548322507758,2.89880774353857,3.15389061352879,3.70502894872443,2.89591855278845,3.34515303262766,3.04501451924699,2.99175572349689,3.07796476180205,2.84369849986346,3.17423549451464,2.89076548624215,3.49583171582923,3.23825264217979,3.44924128248167,3.70251727270784,2.91307475093298,3.48221659132652,3.48365129406811,3.04329153690639,3.032683039413,3.11002492918803,3.36969649650085,3.08199565324399,3.31328251438132
"FERTILIZACIONQUIMICAFOLIAR",0.86379343698407,1.30372210067996,1.02311014495364,1.25246263868177,1.75433985930584,0.832667329740617,1.63227264097498,0.902819030621985,1.19547604279859,1.27740345813737,1.16065558146495,0.891947746466127,0.912866016422117,1.18045231704772,1.37094297299146,1.22874589278052,1.11519875186407,1.2351684616351,0.861259316522926,1.52208192473211,0.862436898393412,0.935336881047964,1.10631253637566,1.38765643006752,1.51685497144032,1.58146953073019,1.2621245574848,1.23198510577276,1.53747404713872,1.29857339571185,1.32285709986574,1.54534077828752,1.1996544528477,1.65035907323118,1.20565722168467,1.24799391977448,0.905046063076489,1.8827304149677,0.906604222191113,1.30320229284966,1.53855251143254,1.2041785635543,1.59682590302215,1.09151031430803,1.57635382290971,1.49052692320409,1.32955316409633,1.03726110984132,1.02646342935154,1.19646213395573,1.42651709462848,0.980763075078849,1.58847112760588,1.60919250164083,1.36886583963557,1.50647658148065,1.15574082507956,1.32119585802863,1.40700977877304,1.23066386687402,1.18689375251857,0.608357006681849,1.07455341740787,0.983574957309431,1.30347494530919,0.975250386308799,0.734842722455762,1.53697882494998,1.65619112682359,1.14329228621524,1.6144287349016,1.29008464500334,0.952641813061022,1.31723851918035,1.28522253825182,1.77013411588223,0.964629371197407,1.202177707134,1.73729155006697,1.55290646061869,1.31847114267949,1.33497521086182,1.35834535040486,1.41163148271485,1.36837225388213,1.82163803559089,1.54501390478623,1.14190559177811,1.28493699670329,1.31101176923345,1.06490723588262,1.33324147293471,1.55466870623262,1.47120125093783,0.388832292653961,1.56221649474069,1.20730415959526,1.36134765171886,1.10508511626044,1.20133583379954
"USODEBIOFERTILIZANTES",0.719643465581261,0.984008104423042,0.648763329946747,1.32593591591041,1.35503231191031,0.889151555936561,0.62215328518187,0.602058001326963,0.959112482575916,0.950587303403238,1.17578343868587,0.235079932766267,0.640375639882425,0.795801694822383,0.675962962805141,0.948347420630722,1.27693584933283,1.07526528119743,1.15216709848558,1.09177305225162,0.612760258698212,0.850998586701972,1.24554763799893,0.730810583325905,1.38221702304445,1.23390493189934,0.820858262074054,0.90009872017427,0.928720754560538,0.505374577628747,1.03600855334586,1.04331782467223,0.749151013531004,0.497607880771681,1.06368635175292,0.907758498390911,0.859847679447545,1.28388818325038,0.795321815392059,1.25638161933364,0.928254978269853,1.02700277983246,1.23179582384147,0.488507691763163,0.975532306993541,1.29690716039671,1.2796222013018,0.613323999640687,1.14860734466743,1.03217547329499,1.15137152704714,0.93882189707548,1.01575616380328,1.16912678991484,1.1781368331823,1.31527242161373,0.894879113478625,1.30280603936472,1.03861039880737,0.986418915633456,0.771761006105396,0.842265360893837,0.211417064757102,0.984141336740006,1.10604377163061,1.15652763532503,0.927315487614146,0.423845879598534,1.06734867155985,0.944401203122746,0.851764763299125,0.963598035731128,1.07075282940951,0.8633959816233,0.984915032345073,0.599662071811572,0.90657595071502,1.30601425613479,1.0765380111228,1.31833726087721,1.1471716594985,0.794969966416555,1.02866895337809,1.2046927240785,1.03794218201138,1.27402187129541,0.9971862539623,0.958214021171566,1.15236579376763,0.758581443453493,0.959344571829887,0.900609765789106,1.13593203184706,0.995687909905329,0.220334950971365,1.16820635341738,1.16293730683189,1.55397316424729,0.937048716827114,0.947335973529828
"USODEMEJORADORES",0.582546510634934,1.05142996664553,1.68123315710358,0.796084687383107,1.32518220907576,0.782967051418904,0.669595152176466,0.2155401399432,0.626558129729671,0,0.806799812616069,0.681534460530071,0.32234000905393,0.674893512200084,0.8073115290738,1.27753046734133,0.357976518817199,0.737522442025291,0.298277421001182,0.912186288669625,1.20065093114848,1.07214498822176,0.970299832809608,0.514563497980594,0.935494642617685,1.08848169753197,0.666311823661104,1.01052428346621,1.01680332211521,1.03330125167549,0.725763983367863,1.00504194429274,1.05089669669165,0.979620058203357,0.638495724305782,1.17755708076013,0.664699178948993,0.890941475582687,1.0196355685285,0.736976233861874,0.935335714294054,0.503651972495666,0.993705051763599,0.852226379296425,0.779788668414493,0.802507868326519,0.827898860195238,0.128794901566127,0.838177446441608,1.20491875698978,0.772658252315893,0.18086168554886,1.45808009406691,0.776108956477734,0.90719353778702,1.25556634171905,0.94066040867164,0.720696768841473,1.03007844089313,0.558800966316525,0.618871984979612,0.318598101345394,0.612497667635722,0.879689114795236,1.38519665987069,1.20024665893584,0.482212577043146,0.578436630207532,0.979594243173557,0.604919671712153,0.691576541437098,1.53173636080398,0.945655938066231,1.22642607053441,0.940456528905047,1.21534391273717,0.349415784283729,0.83208872205327,0.357766022255437,0.784246798278946,1.24250610624195,1.20757758315492,1.01474392744149,0.910654537775751,1.10005905992306,0.841272916626481,0.837686803651643,0,0.801729618525494,1.60031243584667,1.24131321734546,1.15306497529272,1.04535619825957,1.1040351888193,0.851216671334421,1.15418014846966,0.810838333230978,0.786138924260229,0.959474107220449,0.691522549195424
"CONTROLQUIMICOMALEZASDESPSIEM",1.47122493152367,1.51992992701892,1.64865824804257,1.55017496980461,1.49088010633621,1.33811746391834,1.70950086066295,0.965871181127565,1.41146637549143,1.13188685820359,1.56315921493841,1.05288765837247,1.1937462738299,1.48826196455776,1.34273092976172,1.5235684770049,1.29220886033761,1.44499076761137,1.12719711692239,1.38180848072393,1.80876325333951,1.59995371681959,1.34045378971189,1.16012530275521,1.75454966985759,1.31686355515494,1.05380498621471,1.37145317548097,1.70260470839309,1.31156441623424,1.27678944670552,1.19602292482807,1.46917954063042,1.19895058297211,1.12435043737314,1.44296693232021,0.990088796951569,1.70385784363185,1.38555867177454,1.38217242237729,1.58851521880743,1.51577345422175,1.52630465611341,1.27226274131357,1.61550680644787,1.76602600877078,1.67133427983142,1.58353796408459,1.60646003723408,1.40359673246646,1.44611128662899,1.36853895964769,1.52989345243762,1.47922082573484,1.36819098537129,1.36784413539096,1.6622702236674,1.35063972463566,1.5930088180724,1.04204339466874,1.26663350897343,1.37832499100688,1.21599843450105,1.03151618105868,1.37150632893303,1.65341037927103,0.850838124055526,1.85205448838189,1.54332650162754,1.19101550395135,1.35399716713776,1.74402491550571,1.40266227968509,1.50109881891912,1.53531384565038,1.48225069991807,1.55128630047043,1.35025520667295,1.2361974356165,1.519233095647,1.35185857263614,1.48442419259717,1.2746417128091,1.3750229718715,1.61259572531387,1.49042257064756,1.31816048170686,1.21427189885603,1.71303150552744,1.18217481035841,1.14291270524877,1.55787353288955,1.4995408197753,1.47815297139425,1.19585119296749,1.45324895884192,1.20734240532754,1.52980061892456,1.56220613517317,1.28177758090724
"INSECTICIDA",4.20682337437869,2.99309652749242,2.69946175337008,2.81994985832333,3.17159038636576,2.26637355460408,3.52569113944005,3.07283128597969,2.94051517933612,3.69778833161964,2.93986269670203,2.35220871807099,2.66794345412489,2.61224134471417,3.34586917065835,3.11842366878897,3.48634551060555,3.87355657578235,3.01274696689332,3.70613212204586,3.14375299410203,2.85901981135765,3.1830884475401,3.07187339474052,2.88422298259745,3.3825061684284,3.57563637496343,3.65415693798779,3.21638555095827,3.02235480104614,3.04061760218866,3.15001265893417,3.44806607076366,2.99106508985156,3.26918333415795,2.38457263162378,2.81942592781047,3.50826184188208,2.81283319896036,2.93061806538795,3.05430125264676,2.77766343050205,3.31167838210345,3.97298812671547,2.19801312613,2.28841604707039,3.25143699111901,3.16351419043968,3.20175552903872,3.07807049665054,3.54796375261764,4.84013020665351,3.50888751721269,3.63470024338924,2.65536594423247,2.79323701748524,3.4670663401188,2.75820176421293,3.38617443572261,3.16709466517555,2.47955450104055,4.67608607398663,2.84466677137062,2.97151134157184,3.37560188091612,3.10067393258268,3.19844939306867,3.9378017776154,3.11262315861677,2.23513941524414,3.30832417528222,3.5547865964909,4.49990934287749,3.04819030252119,3.57476277876729,3.51828666331992,3.05535029710617,3.37878563054793,3.34374423518588,2.37360937630536,3.82847855605432,2.67465306331769,3.47748985268544,3.52109744808754,3.04093928292957,2.82440368209818,2.65549905912657,2.7261336689529,3.33701004823524,3.00999551864239,2.31314156108626,3.55492780871959,3.42435105274155,3.51296276705831,3.00032530366155,3.56856645636034,3.82785035105771,3.0524264362322,2.26515622605988,3.27476891091125
"Escarda",1.56237201140193,1.2145384676272,1.67776139925561,1.54933055983793,1.75104224826402,1.22555331709838,1.26247288652629,1.69180979106579,1.15359570882661,1.08099294717851,1.56996550220716,1.3366212914413,1.16567174518999,1.43243757506247,0.846999466721592,1.43926929853103,1.40010408346785,1.54147244649483,1.34178009115052,1.2492329502694,1.40088837445372,0.841213036786561,1.44617132923057,1.28248939232913,1.36508950380797,1.45378440926163,1.75033049744195,1.14683689864979,1.79392216496753,1.54344227208467,1.2628101562793,1.59823677131994,1.03656739402013,1.34613386928921,1.16970175587935,1.42742862113201,1.4417689540171,1.52079688679098,1.81805456489477,1.47428573752344,1.44678088347113,1.30992089596699,1.45665102731357,0.947307070569135,1.26797562139551,1.34452580905289,1.22286161239479,1.39669073257604,1.33041460345901,1.10476362983779,1.8966554143158,1.43999443664084,1.62869643052187,1.1334927909854,1.64489214129917,1.21364860475282,1.87254302955613,1.49809328561469,0.930333365138065,1.44272384436799,1.08199007981555,1.85145770728779,1.0474860358781,1.41492326022801,1.24556647381599,1.19785425918374,1.86885202722786,1.60014525650139,1.77396102072166,1.16257215662772,0.828859047835969,1.76497351789249,1.29079832477881,1.91544252310648,1.14436061926342,1.45089452241043,1.44303196087345,1.27451865739409,1.24510753028525,1.74106128169173,1.34437866493945,1.12591383822846,1.76938197672115,1.71886203207918,1.10966589835771,1.23749331136874,1.14857995881826,1.89989100993392,1.38546591646078,1.19059165849059,0.673269685621104,1.20942027339821,1.45436558085729,1.24779373908876,0.916360210638018,1.35699430398083,1.79678640451244,1.16704918233677,1.348659231399,1.30832572018265
"Deshierbe",1.10500989846996,0.640678605425114,0.306393204218006,0.745473936818391,0.942981491101777,0.110875240824455,0.197132087715226,0.256952427804555,0.33402024238807,0.0132899280058934,0.523408183389437,0.799277571935212,0.0212774119136808,0.532181647858179,0.148943171685583,0.516338699062366,0.390316450867449,0.432839113039384,0.244436191360346,0.738060237260471,0.518277319395874,0.488897499502774,0,0.426005737727367,0.391062280367359,0.306472015020052,0.235672971798318,0.636369257308087,0.644991847304689,0.6105706933938,0.115486483887614,0.510612731844862,0.828156982633662,0,0.155601063890793,0.772456132223159,0.756251835674423,0.441186851466318,0.497253272103666,0.575833526263208,0.63841607986716,0.538284818949021,0.540547720097895,0.191571173248089,1.18948955265665,0.483132782027916,0.298201998744965,0.622112610826823,0.844310391510487,1.1118371483643,0.344675391372362,0.0265283222046435,0.714358498770128,0.938665149484857,0.557630689765283,0.671451646270483,0.752128306950587,0.15953872053179,0.406040938766639,0.0114309509514368,0,0.526212424577977,0.575412837713189,0.60174691668185,0.330734811952746,0.0720774257758306,0.822877910927582,0.48485614259557,0.463635305932282,0.165907655097751,0.392180839869535,0.66040281428299,0.716085938315831,0,0.900249586641772,0,0,0.516288503705591,0.454659961372341,0.512943342543155,0.69462936884832,0.463883379181751,0.628584200429598,0.77027477960943,0.456614212921861,0.957971240120408,1.11959136377214,0.464345821346217,0.604299116726537,0.3074185963823,0.3340175145326,0.721463682409508,0.870668767595882,0.764214984005164,0,0.256290550255048,0.478358277732339,0.363304658278914,0.514955431044436,0.364163300686475
"Rastreo",1.35347740888673,1.90212604073511,1.03714409999216,1.11079974820646,1.2859627339204,1.06896861239748,1.33635044617466,1.12344817155818,1.218403991488,0.984118711148081,1.8343883838005,1.21749817162338,1.15327744368951,0.986403872784604,1.47860292488477,1.06507224680299,1.34120430803845,1.16480514218522,1.6235451977026,1.43964843945345,1.12983012205107,1.93718207671951,0.794980577591562,1.12472950300239,1.34448519414992,1.30602492218849,1.24418004762213,0.920284416509675,1.32892752100009,1.12410274620147,1.03252548405778,1.63053002462025,1.5265147489405,0.877874784589565,0.824937444274796,1.35011825119871,1.16796049550591,1.26271316437949,1.2828919213098,1.60351903283423,0.966337850410435,0.775048746394093,1.6061108260419,1.51196946359085,1.64744069544793,0.791054469117807,1.74783102902899,1.20412543574585,1.07714385961653,1.02165921467951,0.936823683142166,0.712080499539261,1.39960312483206,1.42478086578088,1.43997802476741,0.851294056906463,1.32770255865446,0.780459503746199,1.45477473329987,1.30062720009493,0.890009502789045,1.34129768383557,1.38834399940897,1.01271280511264,1.07815055430761,1.38616592952196,1.0325542904887,0.956909333777278,1.3722036230282,0.98217856221952,1.35859271042736,1.37768889710825,0.803148707380274,0.890586731976441,1.20542777088889,1.05268229588298,1.4431007998881,1.30773190363489,1.32910790345076,1.18649285994236,1.50640755859167,0.959890020095154,1.55515980960936,1.64327771869254,1.11437148361521,1.51532887749275,1.37560839814773,1.51117638138937,1.12094590837122,1.36973643366854,1.3150337275658,1.45417297336957,1.74152279529113,1.44240602032988,1.09741062227169,1.39364555221324,1.39330267805481,0.855980497381579,1.19555415649978,1.32854365300885
"Barbecho",0.644727931802464,1.19336597491734,1.13975840147659,0.821626181585785,0.997116693583868,0.617093097733481,1.13834797468767,0.686345609804528,1.11966039791067,0.633798447317741,1.00576773632046,0.428349886416492,0.822996400972529,1.0562776357262,1.09866529154868,0.365360789228214,0.656061693821201,0.883513468424384,0.81948268542563,1.1201679671079,0.615678815864755,1.01143483297106,0.46239226608038,0.320489327033706,0.652107370205136,0.865597261858234,0.733547438348907,0.493392272467481,1.49877751309382,1.18547877965821,0.410064919117637,0.669957656704671,1.15369391919351,0.558599044851483,0.249074357946228,1.14940826951226,0.828358719641398,0.985215145023458,1.0236907502203,1.13817744214674,1.08442587976369,0.597205768154155,1.01726311331331,0.884372691195131,1.28211012783846,0.898437325901661,0.80544095323193,1.00017485353945,0.357742761482812,0.742831528513234,0.962457797008628,0.500533421011479,0.861987482756184,0.686936402209686,0.923687914979245,0.651189914898175,1.27482279815398,1.35019127304951,0.730103018655997,0.637251389590947,1.0668232649844,0.82918208377476,0.548883227844187,0.381835531714915,0.390894004511568,0.943128655616617,0.447576168096271,0.919664532392179,1.257548024655,0.574056663316741,0.949213603624213,1.25600125467732,0.911941211222646,1.03808642623724,1.08292294265039,0.810596954248998,0.765085622508928,0.597231424047277,1.24570827912254,0.952964341897276,1.11512661025253,0.938014106281052,0.990512738922715,0.928629686200302,1.21873186400087,1.3579474175534,0.967470619659946,1.21691214223175,0.666709573009858,0.523049925058197,0.796371412771109,0.962563660393944,1.55156092420647,1.14285966148493,0.799794946653431,1.06012379874127,0.916342722191781,0.653705048875962,0.82825067546725,1.00564870153583
"Subsoleocinceleopiqueoescarificado",0.396753465664852,0.682266072603198,0.351300886874483,0.367623987565802,0.913523862420927,0.441079202215541,0.717327574102017,0.415651160452275,0.607945786440118,0.367303062875785,0.433025458222742,0.234448856360026,0.522925856136157,0.932525255468477,0.300117793969821,0.558966431882387,0.0298571674980378,0.509563348323839,0.645706202872711,0.658846914592099,0.640120365071525,0.557340207157308,0.54249310402034,0.279016427537978,0.507299309188379,0.542188291300496,0.518918606965213,0.369134115412373,1.02360251133161,0.402517160270823,0.101065206536093,0.387108594583241,0.403216535163822,0.581477004086702,0.243511483747444,0.559982521995798,0.674489383389875,0.701045423047923,0.304555440040635,1.1267216853122,0.661708698949623,0.545641843187803,0.505639607531821,0.089482645152394,1.08406145660517,0.628320311106879,0.3358040098573,0.18285273154137,0.49935969648305,0.388999802065375,0.497768728793946,0.467630123454219,0.935889671048043,0.687602808698186,0.573480553581493,0.644681455793015,0.750159447457389,0.527729792377599,0.4263385124257,0.304963995683083,0.858794449751849,0.122574641488164,0.344117875473711,0.112497872593063,0.563950939951,0.14117888825653,0.266832728844936,0.37691360866339,0.660087973117199,0,0.287482358717053,0.891195172758173,0.597316962410751,0.895928513776788,0.590679101044468,0.135842458707647,0.455559356046261,0.542235759686455,0.635719920721141,0.583571622022766,0.27873641930199,0.557566986885774,0.561127989632918,0.988426441043976,0.597305324114104,0.369849908275819,0.447616002937729,0.94606321230854,0.55306536468101,0.362601656317383,0.219634822823072,0.431674201527062,0.883345925591217,0.54814724206039,0.206918977670042,0.633718971950927,0.675652367866538,0.433851136453909,0.379431617647784,0.624038608172668
"Rastraprebarbecho",0.547361508182171,0.671698991309364,0.431520159558081,0.19653339218073,1.08514162904616,0.695719905962442,0.611062253945331,0.171552786698037,0,0.454330293001061,0.826836103999918,0.342899338768466,1.04761605631752,0.421855238793749,0.327455055605254,0.307432307916119,0.554351594947783,0,0.499947034672547,0.394925328008235,0.587789705257972,0.171049212436216,0.316146725897668,0.623220225877283,0.583544210520685,0.35784664676578,0.223029582404316,0.651058736375702,1.01257542096066,0.696136903275558,0.653472499316764,0.371110385083622,0.85274703177216,0.299829728775591,0.202573374962237,0.646619249355754,0.661160373004926,0.411301001620413,0.658310395544722,1.04614012643469,0.1939341143628,0.352412590715577,0.74041999100732,0.111321955607349,0.970289369438458,0.574891040714333,0.254389128965758,0.554076048330459,0.64397166537646,0.698265235279231,0.733224682400038,0.135974928184998,0.751102594668833,0.452952908511383,0.721359079276006,0.596290443507607,0.743066023085452,0.59713586595219,0.994979650385848,0,0.613082199380792,0,0.139328906734431,0.254711005990483,0.314638605765427,0.270158391482265,0.581553563668948,0.135361949327558,0,0.507160541405066,0,0.897478357398666,0.505183667515921,0.854581220141625,0.781090496153784,0.251353029716985,0.492794451683121,0.453036168938096,0.250269331681904,0.462165154135036,0.586779927620557,0.749528840983703,0.583929865865235,0.634485980600763,0.84149941578774,0.446600444664948,0.394778410614078,0.628753533564428,0.365301875028165,0.56698793281074,0.538868059798313,0.690507980095601,1.16246405381536,0.596601771183152,0.544785391859405,0.749567971895351,0.508084552684731,0.207668302381267,0.7353598602257,0.728856517884284
"Reformaciondecamassurcos.1",0.257178164102279,1.02759166560728,0.831782852137484,0.882062350192882,0.757793293560627,0.860491862367644,0.604844151595222,0.488949450578363,0.593350119519426,0.693675495061093,1.13189031714428,0.368245103202203,0.806526415394389,0.683121900224328,0.0390657903966961,0.637127588049404,0.657809721353989,0.913080467568595,0.874111522124444,0.531602282600983,0.390375280803763,0.884043777535954,0.278827665967683,0.626335366777148,0.813281997290017,0.811793608299851,1.02418383685192,0.435659258797875,1.07381686885163,1.03910345366358,0.531366174918907,0.652160151455112,0.763294836650004,0.819587225592572,0.638022097633346,0.711265178658714,0.674668172714518,0.668866400391608,0.894291207967198,0.757408905120907,0.955009898585082,0.489822715411655,0.929261717142911,0.672144060182841,1.12095926514639,0.846218086216985,0.531385927530022,0.353437424274882,0.609129006362327,0.892674768482423,1.00018863053827,0.432052404220464,0.930692432030982,1.07054245179087,1.00843730125343,0.704693876069253,0.673297061741706,0.354988383826326,0.672146590653816,0.584536216980453,0.606540699443818,0.965117952885371,0.21812445534508,1.03797714680879,0.766052381632109,0.281579361124851,0.627357168675867,0.707640380547086,0.890331494125829,0.459373202654505,0.552773505799224,1.17553304684744,0.599960744740854,0.366841321406955,0.48403107056871,0.627692477475892,0.920328815460486,0.652414176050348,0.528150944088083,0.926347099886686,0.841384124138195,0.439951544050807,0.919548680578109,1.01973891244739,0.768843153343252,0.646833257993318,0.887044406556184,1.27268754403684,0.465665477631711,0.450855009102072,0.678646524148942,1.18901925530429,1.1874219956953,0.953700158384311,0.475277813859558,1.02910295779741,0.864388426654922,0.506931376675971,0.47255455151436,0.86978178855414
"tipo_de_semilla",3.79224329873002,3.94176283207402,3.47261425077622,3.81628775700084,4.17055357925957,4.31661165900908,4.46922095466629,4.60978178942304,3.69399052029668,3.89152124972659,4.07048963523284,4.1780972034396,4.94172853800572,3.72115544914973,4.90866863657775,4.24321659593288,4.02196739354353,4.05881902552972,3.29071985508036,3.8070938039391,3.68210345368491,3.87331946173075,4.35016606298448,4.6329843841817,4.16117341001585,4.44123617699064,4.370353934752,3.60903256298997,4.83486212695422,3.85342786140014,3.95417802468494,4.69714013047461,4.38425908912874,3.85557700954253,4.57482499096395,3.0391235983022,3.13303021290888,3.46828035506071,4.39631882453897,3.4746507211253,4.90311958888009,3.19875042348989,4.38740107964742,4.32595186909486,4.1550439053559,4.20552945005022,4.53657530572363,4.21998505744017,3.65374802054214,3.53843300854476,3.64789012372971,4.55740626453644,3.44890425467338,3.49897802785383,4.03418385974155,3.87398789098712,4.23390691528859,3.87831267947352,3.94153227650618,4.17948817553969,3.67020717875698,4.22376225413694,4.48163085066233,4.23660824601544,4.20867679518221,4.57062237127402,3.46358741194183,3.92897031541772,4.06168329848633,4.36681468837081,3.64051667175561,3.51110927154596,3.95065957294315,4.26463088287952,4.05336941386841,4.2677794224778,3.81735937648551,4.48784938737437,4.76262105420744,4.27095057562362,4.08620998242661,4.11072610532496,4.3096567660873,4.07558770657706,3.78237979221593,3.98015088947215,3.5161302434855,4.09762514486831,4.86974583226681,4.66219726030303,4.25581790482617,4.34262923597675,4.14415548959296,3.93443181722808,3.90023115790434,4.25674067132089,3.93358713316543,3.97803394719577,4.2968937058925,3.6169809896788
"nombre_de_la_variedad_sembrada",5.90084878384521,5.16664971163425,5.39182373241533,5.35036503263196,5.18854493119999,5.24049600856273,5.05049181268725,5.33012136055153,4.57052480165301,5.74279624336156,5.37167773255779,6.22034667655369,5.7310351909125,5.35563154493407,4.82941009418117,4.914536535606,6.01662614872274,5.20012704745105,5.01794461749964,4.80602153281215,6.20696512613151,5.56055590310894,5.03896524115496,6.04708689361368,5.7938652138275,5.51664945558939,5.38801808224506,4.89048271052247,4.93079754015464,4.68559710949346,5.15877174746448,4.92774912726053,5.15939072618866,5.36267368434379,5.60640355555069,5.70566961515634,5.22992240337069,4.77186819603956,5.64916589846809,4.77476889212267,5.48731661810138,5.72873647051946,4.91492547595603,6.01998684942117,4.85353353162706,5.12360194145803,5.30022699791075,5.32978197137543,4.92256797268085,5.46319475096249,4.85228082462229,5.92447505508403,5.15715593445402,5.42970758498462,5.06110152723957,4.98903713539871,5.44453251056847,5.31912713688044,5.05312188152597,4.80887621877549,5.83023455757163,4.94076772144469,5.10853760469726,5.41266177073011,4.95343136171531,5.97172950167525,5.3714602285473,4.90083753583913,4.94480953602708,5.56389084871016,4.7376780583406,4.54792296048665,5.50673490391472,5.65264611811679,5.14972214119809,5.221810990591,5.30984551174161,4.88363365573255,4.9735422404987,5.42667886363056,5.32933718686424,5.37211292776269,5.12818341647739,4.69610862373291,4.90475317694382,4.73417860572454,5.05036056469065,5.79692739692664,5.17046755427268,5.10194336860907,5.71184979921914,5.51283727104464,4.8802035980603,5.07040958755274,5.5378125683927,5.55421103705054,4.87878674619056,5.32751610813852,5.51500487289972,5.0470592178432
"densidad_de_siembra_en_numero_de_semillas__semillas_ha",6.7442023134366,5.94257720542117,6.44154986033295,7.08715621632605,6.21133344645314,6.355675194393,6.80254053745058,6.76503014633621,6.23384177438614,7.60499172012367,6.03727352599673,7.7997200107906,7.158849164743,7.04985068339683,7.52730675770057,7.37687102185973,7.06563347708723,7.05316929335919,6.35665779147419,7.20418308286307,7.43933757033763,6.47331371140071,7.21824703590785,7.47451478932262,6.91113646061176,6.89930583267004,7.38333953932074,7.12546299780885,6.13759814248153,6.41185063845494,7.03622836687655,6.24644344645117,6.64207131197512,6.03244106611098,8.03331443239885,6.5380227928804,6.08534725048978,6.87416138080124,7.23698105031475,5.82517413370354,7.14064544740739,6.5103525390905,6.55375099587368,6.8197978029786,6.87761047547711,6.80803131633101,6.43870016729151,7.92184270518195,6.31345897343793,5.71785202328442,6.36611873634086,6.7196643939517,6.30674084974703,6.08163021986904,6.10529381671199,6.62722993879432,6.96271913718469,6.72775009925437,6.90195996516727,7.3585779406043,7.11565394665539,6.58063907900176,6.89660666724337,7.39319266635281,6.94919773932358,7.78252897479642,7.21509992012128,6.54591644147673,6.97863296082045,7.30688284616424,8.58891534816033,5.81243522703821,7.11736803942608,7.47302344164984,7.31368705239793,6.83147232218386,7.75908942036794,7.06715532278058,6.37243966731657,6.0466495881581,7.26818135658605,6.79125891340664,6.84480442249471,6.85266578311636,6.37939291514958,6.35065966746027,6.398964039982,5.8800721243373,7.20430203262277,6.9266819667247,8.11702460631747,6.60518927442147,6.54086890764586,6.31601926725818,5.97763097333379,6.26088911841064,5.82129889124394,6.39407334102657,7.07783565607754,6.11012408266665
"humedad_de_la_tierra_al_sembrar",2.14216468604494,2.15110370343332,1.97804519826767,1.70482893210819,2.03178756037429,2.1410445701802,1.76616513618762,1.46611850916877,1.66649257321896,2.03483833227041,1.7876806724147,1.95194687879406,1.50924115471567,1.78431609250631,2.37413088496407,1.892906087993,1.99237588145044,2.15021868799116,1.94407769609436,1.86478027772981,1.53774031226917,2.06020392236556,1.95886158379246,1.45154083312145,1.99775857617338,1.9368479846386,1.72675335978343,1.87308283637756,2.13437703173883,2.01772246552036,2.19323684402272,1.91729596421115,1.57046311649687,1.85812602913479,2.08307785861899,1.96640060629556,2.01607045350324,1.98024159353379,1.98378484425609,1.97122344102173,1.6096524840889,2.04994789553159,2.13907536928902,1.86652178824039,1.86772039954858,2.19758261843005,1.81662543863519,2.10030248721219,1.75875300483955,2.24476145348456,2.37882477369908,1.94980982700569,1.82332143244055,2.15012013902613,2.04576763919242,1.84797075175262,1.89054404920329,2.30521706673869,2.16149278128229,1.9632887101943,1.45149253237765,1.81052469895483,2.1056662074757,1.74256602605124,2.0106702408951,1.75513376497223,1.90652954110139,1.9125909326947,2.16664023797288,1.83522387408225,1.91603699641615,2.13969948209098,2.10765064864324,2.07821987968765,1.93141737012069,2.18396028114217,1.59007181826101,2.05191065549343,1.90478533651801,2.13367099682812,1.96370893864133,2.27898717009572,1.99604399513718,2.06673092544271,2.46174588377579,2.03594207487551,3.15001483934975,1.76989051705494,1.7494918652374,1.83908150270298,2.00039401772005,2.43200004131237,1.95891256590391,1.94325462360027,1.58861387739395,1.87685296845374,2.04126817061857,1.70288587048165,2.03081764270965,1.57500074348046
"tipo_de_siembra",0.749928168454862,0.88486103461038,0.527926513801769,0.683117750553851,0.978984100951146,0.396809798556688,0.784114106808548,0.155624511500849,0.714395859027445,0.509190099896097,1.05078591765999,0.303712457993611,0.605283948920333,0.67164903053384,0.396867716198466,0.776722737379893,0.562503604193611,0.849258727957652,0.363303415010101,0.810353405621298,0.412280724597072,0.601417012195419,0.47903266631438,0.607262895267165,0.528386879651131,0.661101519553934,0.391116126786338,0.660363331202309,0.882057917873538,0.904372830509739,0.374474108304847,0.700630572833146,0.728604865999347,0.358775137268599,0.199668691067191,0.602409891282783,0.791942554415028,0.797511501623837,0.578188919227601,1.01786196050105,0.63051188304775,0.669096696739067,0.822803489931801,0.120110853820232,0.78577831292198,0.633484368864523,0.773150901540531,0.416374309459811,0.745464826879675,0.472076489268366,0.84025344158395,0.194647436000675,0.808103213459721,0.649229479063179,1.06889176793739,0.60597957262391,0.661084477075729,0.559059964586735,0.685865091598494,0.51986314354343,0.378453737941385,0.27914954237142,0.330763356123803,0.662246834179849,0.429252769808904,0.326683397786088,0.552073856108078,0.524890976995448,0.801681544605301,0.390198319920881,0.280588073808942,0.940909405494334,0.76743852835914,0.54520717921225,0.770775107118025,0.338144473937689,0.605830840619831,0.611654191383122,0.542599707903906,0.887519954059407,0.821906304077949,0.76632944049442,0.520635427914966,0.954716414163842,0.724642592453424,0.641009871264467,0.589209493356659,0.483977174951475,0.605340484424273,0.336243606877189,0.410576062033407,0.63147190013076,0.798119803859253,0.865129157231033,0.126298544458758,0.910314445405742,1.08562595047389,0.628350771101155,0.655264490175995,0.488601182136681
"tipo_de_sembradora_utilizada_para_la_siembra",4.34274755799464,3.51330140656661,3.74970535368448,3.8602621387687,3.72439261555871,4.55534162490404,3.86517058607545,3.67055087369076,3.22422760933496,3.85311126423141,3.85850329538626,4.98462389504646,3.85897381952963,3.62729278278023,3.897550996901,3.98652541515373,4.55545032450774,4.36790621274075,3.45186182406044,3.43277436666896,3.67112211970655,4.13229193409975,4.02638087581872,4.18628349172028,3.99869472131033,4.47315991251974,4.20503525507729,3.58885067531768,3.84706219695201,3.45990271065852,3.68230976402123,4.02573252788838,3.87402093281853,3.60851267234587,4.45771962419404,3.93457167547965,4.17104864423956,4.58138934685343,3.84765432591153,3.87646922373753,3.15594863814804,4.10792856253634,3.90197506039117,4.85170955845333,3.3512511658924,3.22311515777058,3.94377491419117,4.10563031589058,3.51608107593521,3.2199756319236,4.49918992625441,3.84429531430703,3.79189926226832,3.90949274654047,4.48381250893367,3.43912844713597,3.44861499490536,3.66410040424522,4.48768191326389,3.84713165851936,3.30568739502578,4.0459717467459,4.45502551597057,4.46470470169427,4.27316459282451,4.22957656916067,4.11597373474158,3.81855722465351,3.47184336481723,4.56100433877456,4.28661993825415,3.77689208925226,4.00343589186834,4.40253683620821,4.00544009776876,3.74706705542056,4.32372369216139,3.85690580903071,4.41307936143504,4.54778643263048,3.39416791144104,4.21528779838201,3.59698426825667,4.13385101599586,3.71832987093267,3.82489021700237,3.77073199789991,3.49438861608663,4.92680972158908,3.77499339884671,4.52121603731261,4.11598194673634,3.1858039703734,3.75143549691558,3.64046367439347,3.84726478139193,3.83931526918748,4.63909041727913,4.18684131655275,3.8650303224517
"distancia_entre_plantas_o_matas__cm",2.65744536149923,2.55315296568734,3.37875840754382,3.23845588103876,3.18883876883711,3.09461581587136,3.15913155704118,2.99462124491497,2.73857073453383,3.0660083061704,3.47132695023477,2.90349775909629,3.67377136901114,2.88457115441236,2.8990252947976,3.80471263827525,3.14649818357721,3.28872965494119,2.70686425251403,3.74924532786169,2.75502213389221,2.93311941398526,3.46354151307158,3.18484564292576,2.8171449727815,3.24189719378345,3.50756980543785,2.67803571797563,3.11589367340513,3.03889025189378,3.17612372675305,3.12844285763105,3.47055754362307,2.53128850466977,2.89006250797174,2.94004091004898,3.19284165684152,3.97336699942576,2.99187310557979,3.65481729850236,2.91555810430197,3.33167649324142,3.43642954541284,3.09797178789792,3.21883512864621,3.19831649914876,2.90934402917727,3.39910831442544,3.00283948151382,3.29572222604059,3.04721649071305,2.98262321409042,3.10873695020486,2.71997513225768,2.66530139833715,3.11861283706414,3.43302006064552,2.62827448784208,3.52165530949134,3.44047074673329,3.08829868665295,3.57746873071657,3.06892713640541,3.62721338060152,3.02469251298402,3.16083059137523,2.97498600700056,3.32639022452551,2.64084207671719,3.14215204899953,3.11197267483196,2.75491015616571,3.41091089596982,2.71054342904321,3.38836934168051,2.55976843282869,3.4343993077592,3.06250053421863,3.05327833338681,3.34663665899167,3.06627522698796,3.10039970739445,2.79945831644072,3.32104206899028,2.71427672580237,3.19070431611695,2.39994500427008,3.09237573917078,3.18368751722771,3.10402719479125,3.14786655982899,3.3920691635087,3.22638804112917,3.48532371298308,2.81628842646295,3.44189744155122,2.868767569122,3.37442569331004,3.20113788158957,3.56844147799192
"numero_de_semillas_por_golpe",1.33543254731877,1.34726559065242,1.43681162693106,1.7240410478898,1.2673033155158,1.98884705839847,1.3215401145085,1.23761468717134,1.43936467477403,1.46016500335907,1.61189737654751,0.873682089833487,1.46748950405644,1.04831183155555,1.41540131156114,1.38072608814098,0.768355456097548,1.59216004847289,1.44287009680841,1.3415307003627,1.30650029092148,0.921518421399098,1.66186149500003,0.927462946793975,1.71443419791457,1.32763801253046,1.50222405573461,1.65992234220394,1.16091724241556,1.54611848619229,0.929531841434805,1.54475349462033,1.67340386683923,1.36242529041799,1.63998908306582,1.30808289447631,1.42444194984687,1.83163784212209,0.821320511364624,1.54212322563194,1.67706801001058,1.53855642193073,1.7214543367869,1.21976702181091,1.69403575413103,1.55493868743687,1.49762498465685,1.35652290934918,1.44658745782167,1.23118665680668,1.53205994409573,1.14266980197089,1.3942955470479,1.38197715213997,1.3766014419326,1.1600463471024,1.22573095115599,0.980090892854543,1.53805796770085,1.03966918179679,1.82526714406198,1.1264138835533,1.26033026649873,1.39223522394441,1.61377378654708,1.24763578948402,1.4017086690554,1.71070271157318,1.44667033206858,1.15607403266511,1.09252539610208,1.69204389021884,1.30856311882885,1.17322506862475,1.75710970121025,1.62859929235121,0.727596577604218,1.15106213642991,1.081020419858,1.32480856092035,1.3443590219743,1.47934245285911,1.21351464209255,1.37895606615379,1.30802922454013,1.34017559514755,1.40401055093544,1.39100232087501,0.896435497493701,1.33015702371126,1.45690896577678,1.28630003697821,1.66696524288585,1.89967270851207,0.560530841799606,0.984009247417697,1.59904249827227,1.62696087578721,1.23129938898284,1.32811410187597
"distancia_entre_surcos__cm",2.09388610520272,2.57345304713199,2.53104470426016,2.43458896343716,2.11394969956209,2.31014297356518,2.39059779985056,2.20355048771814,2.170813988455,3.03222063078092,3.12523387874732,2.83150495805126,2.70822703613329,1.91496412634094,2.28264094726923,2.01582336939087,2.01815147972687,2.34684898841983,2.65354474715356,2.36896452396779,3.05693830035066,2.55054765072432,2.32223326656316,2.27458693164891,2.85006648201314,2.0715363101828,2.5550865864195,3.04842679478056,3.03955832015645,2.85353820097152,2.99534837484679,2.86009653169793,2.54554040023102,2.93326647532933,3.09143576890116,2.49497379502546,2.68008821242975,2.38931811061788,3.02893791982669,2.41418397129015,1.93329834599649,2.89235338801975,2.20347280519689,2.49916791314387,2.57124050936765,2.43430239479789,2.86435479858843,2.39216321268124,2.19540656248726,2.04618829011391,2.45904214606076,3.23384029411476,2.77661640239084,2.85365932879217,2.10765106428815,2.10254738765964,1.78289568509317,2.76088912511795,2.41607854747211,1.96953710639973,2.62293163143463,2.20051095466218,2.81462940754603,2.6079013512865,2.27113722209811,2.48216450477906,2.43213316058796,2.52826742065464,2.26951591105099,2.75408595560159,2.21409592564179,2.4442571572064,3.07015886909701,1.54204349998702,2.45165103386818,2.13693876000314,2.07113288920781,1.96578647390372,2.30970065471475,2.12238913577928,2.31503271043801,2.73877670059999,1.82899505875157,2.67454134355621,2.11718779870017,2.88236479123316,2.33570564583004,2.37412161106261,2.39270982366526,1.95398066138515,2.35978405292147,2.36754991679647,2.13714306194985,2.25142321104337,2.51070532281399,2.57778944238292,2.39786215842347,2.25353116403851,2.82554565278714,2.30452543872233
"profundidad_de_siembra__cm",2.89250661328994,2.73257659748359,3.33010110707345,2.94248197575335,3.08656641532112,2.55512733905394,2.92680158445589,2.83694416401202,2.65313325999256,3.09367460541166,2.62199225075349,3.00909874987994,3.25527083316936,2.98827629497505,3.13307298063405,3.3192429489016,2.81184999239595,3.26950534803813,2.92445918001704,2.88665077852662,2.4551792261339,3.32717002791645,3.35724981832037,3.06547219319964,3.06340606400055,3.4949157453216,3.50814366642562,3.11047600880951,3.38560342208656,2.66254143463127,3.52508492670028,3.16670610948286,3.17613025731051,2.536499350954,3.1249315123255,2.81372519087413,2.73207302712959,2.82758728298969,3.36965067130698,3.00933746341037,3.03176451909496,3.53326223238434,3.48788000673699,2.90692249004508,2.71695471204083,3.73547151620481,2.74861191293725,3.41780923675373,3.1280058653991,2.88895584907858,2.79135322207785,3.24139484878502,2.87814393708915,2.63563257994659,2.57130948594453,2.86700597831869,2.84089503366402,3.40117618876236,3.2102354848895,2.95541227272977,3.10864027199551,3.30377860110221,2.27979712407725,3.23489997389357,3.08920517641495,3.24458312881604,3.23949373751288,2.96365438377419,3.53416300390797,3.02360352725931,2.47818085645865,2.96667043335788,3.29334703925163,2.93090887153742,3.3575606585502,2.83518145077604,2.86615853447477,3.37918566368,3.54185361511541,3.4643749393439,2.8664831388757,2.92116619258685,3.27279980429445,3.25646154178706,3.009772070108,3.16179825805151,2.94306322635929,2.83504329880985,3.4127688929332,2.60181926659238,2.95650108662869,2.83219562064034,3.08690058985599,3.03443111395058,2.89598891911441,3.52766231708145,3.15765831851371,2.97099353226384,3.13942170420631,3.26946260815682
"si_el_cultivo_es_maiz_o_frijol__indique_el_color_de_la_semilla",1.06403096188925,2.20989359449957,1.22471710306104,2.13258764420146,1.96407049342016,1.09006512483048,1.674785815895,2.82175583095764,1.91688174136346,1.8418834970461,1.76801220023231,1.89454431795654,1.43062846586174,1.85972161349738,1.79749569859919,1.71618229850749,1.99690597420066,1.70491059038594,2.0633960005833,1.9180540214567,2.72500462321957,2.16800220587042,2.01377228639405,1.77204942330409,2.00426500161056,2.15991564281188,2.15165655986454,1.63758059249169,1.698406259676,1.64877727557785,2.38961491570349,2.10570259360749,1.78672667716638,1.61472001000208,1.82269583500047,2.32906551980397,1.18564272998901,2.25749197542509,1.82025982233682,1.802808713055,1.57208343385064,2.26938744568848,2.20929733524633,2.27056016964611,2.19021379822299,1.73576738705958,2.1051419142366,1.99907882877205,2.25018563521566,2.46705423342874,1.47550402988185,1.39981546224277,1.94339340016282,2.00301957780779,1.64852601162244,2.34515186496989,1.73495343622692,1.82022413502668,1.89076059800807,1.20448531570494,1.81023267506934,1.80023307389784,2.666658632694,1.54361192672677,1.70237143811499,1.51118536954048,2.93685031639505,2.18270172615713,1.98194818801582,2.19581283801037,1.8401263743445,1.98605368060213,1.55469700274145,2.35714458457158,2.10624280559395,2.02068165046003,2.29350990987546,1.69411099429799,1.93583976843802,1.59474501250489,2.47850235725933,1.58238177458646,1.52533863191047,2.02735262329299,1.35590974588024,2.33571932736868,2.13212439142143,1.59690223371088,0.870104863447384,1.09179393016221,1.4539757279848,1.82602958517317,2.00043072713403,2.05600842139211,2.61931545760181,1.9542402002903,2.03557900972245,1.92118506942644,1.86488755453154,1.98997292181128
"occurencias_abono_organico",0,0.667393988345493,0.821529969026238,0.932782475441192,0.94451429889205,0.483181041460419,0.434182469054063,0.280503881155979,0.504182971214301,0.363659450602758,0.631721120641851,0.100310702698475,0.0740474309703685,1.05723309044429,0,0.494873647511351,0.241719222087626,0.630677664330462,0.322662068304224,0.900806042061486,0.233149814604015,0.367144833817345,0.614017024252004,0.361379740698578,0.482809551100933,0.682545828400847,0.411501515386644,0.444550530455731,0.817638641069945,0.810234618353608,0,0.420482464626622,0.665919937226936,0.394104993370553,0.491144095155307,0.499631257082836,0.547195725744597,1.30528717482191,0,0.910934553576763,0.82809278052271,0.265816772026635,0.721406320956442,0,0.282570330953216,0,0.549577827574304,0.106416175974082,0.255650427185136,0.455177973805523,0.401543964302129,0.207838374074214,0.57023981391727,0.686056947997168,0.986866593393911,0.608149167293366,0.520705568906056,0,0.583575635784255,0.335386850101755,0.0690312586588936,0.190672570581133,0.349316014780209,0.386323497306724,0.38545316956824,0.060134572302734,0.568189890415963,0.376424749925264,0.596344646552482,0.495578497557299,0.445431771496413,0.946192932403563,0.3952846153185,0.182673156859301,0.433722000736529,0.338534421783357,1.05709853608372,1.05506296812297,0.697035685027179,0.864352382649549,0.130809123243708,0.223707744569511,0,0.927292218027081,0.437189978581459,0.434992567090768,0.659092753399774,0.748814681201585,0,0,0.423714284860384,0.92010281611445,1.20448743104284,0.492779195414949,0.581044959595238,0,0.558913416817919,0.527869091910951,0.502947191537982,0.820078961646919
"afectaciones",2.58946866502346,3.98926180486983,3.07897432524463,3.55252603966729,2.74273413314637,2.42158036451544,3.28173878170576,3.05605595962105,2.89726274221684,2.78461576452784,2.69998303943059,2.82572845959197,3.41682189712312,2.77451512198249,3.11336330015446,3.01119504390808,3.47684792025405,2.88394743672661,2.95252495957922,2.67434433033374,3.82862350307894,3.51332790121981,3.21031720326124,3.26886375059518,2.95468502059883,3.48954361574158,3.39749726950067,3.76846667265473,3.42256372274359,2.64489799573519,3.94399598002214,3.33639675916984,3.01924862831989,2.81991687499779,2.99327342186105,2.56238855347139,2.7833764985633,2.8274721788891,2.95472731240568,2.75294573807551,2.82147318363043,2.81694929696295,2.96328105296098,2.51148383053771,2.62920667539622,2.76292236952059,3.38846981677558,3.1436844403513,2.9212656643109,3.42525673346886,2.45321304847741,3.2399057774914,3.34952682061184,3.0723872450713,2.85994208093844,2.99556036678553,2.87282985582288,3.1419709509303,3.25295484077855,2.16975343016908,3.15689334184311,3.18373106111937,2.8072260092609,3.02179709507709,2.83305653842877,3.39734660398148,2.82340255433211,3.12520034986042,3.05676055332319,3.18739669806442,2.96132521566159,3.02522374264338,3.05803355702952,2.86328256200981,2.63730227670861,2.75468622624394,2.83787277849742,3.08216466387069,3.15791968563741,2.82158846439761,2.88004219628804,3.98673570792113,2.95886116401773,2.71207402593662,2.98734948972149,2.90330018628277,2.67055386156562,2.67730499504044,3.3951896794207,2.80281693509887,2.67118198015487,3.25675259302278,2.941273939027,3.19340798774725,3.29212481084382,3.41862917275234,2.91666127774657,2.71112597943109,3.03881394730563,3.35181331154657
"rotacioncultivos",1.00631328256794,1.28002357151355,1.25736044212889,1.02188942306319,1.15207501818258,0.923761936718419,0.993649820832558,0.701594519562537,0.5233520107544,0.752536033030496,1.25926374527135,0.373721365348548,1.11344766608375,1.12453219972982,1.11137600789833,0.835327988297787,0.494633688750202,1.17102729753868,1.09544360843374,1.18857836602757,1.19416175956415,1.0683627000527,0.380207413706953,0.766765249932474,0.539907470817733,0.94747370866965,0.83449363192151,1.10964305596731,0.862396001678557,1.31364057673977,0.519464910199219,1.18840949449188,1.08760564703851,1.49189284829992,0.144517527911816,0.609689497855581,1.2024331793548,0.675530084193001,1.42306402961264,1.22813665311493,1.31891947702438,0.855491499669764,1.0432736577933,0.567580817699921,0.773741711697125,0.731003464189778,0.90909055364029,1.33153054611749,1.42612445302721,1.24046914399755,0.752415520500751,0.607503269596211,1.21312503768253,1.09379415639401,0.862864785578593,1.27357216125802,0.886156435529395,0.493188875738274,0.801765779482163,1.11204490613846,0.582821424791949,0.275453911873801,0.866793961297863,1.11916279795957,1.26636873137065,1.04901338973334,1.08999516297537,1.04433487337275,0.766498002389428,0.421583284133252,0.415383566420935,1.08024000610008,0.906521778296984,0.836148192123935,0.8553208020146,0.736008378376361,0.918333810249046,0.884655052423268,0.247134550646769,0.91463899030486,1.24885503903918,0.969404168898304,0.726236547114678,0.928067378578167,1.77538796105811,0.918471054742716,0.929025688854913,1.11217644749757,1.24466171734427,0.89069821493841,1.09537139515279,0.543197172888429,1.13344338242355,1.16636639853763,0.526747480272438,0.865873357500042,0.942601411442858,0.621216343741652,1.40404629581079,1.10260167888096
"Riegos_totales",3.8591490838935,3.39382958532308,3.54402006894139,3.1531442470091,3.5584116828998,3.58967378324575,3.51113461810196,3.58777464584409,3.94989536538115,3.30754727811377,3.44508735903426,3.28406745818457,3.28775489850381,2.82795895147988,2.9919015151919,3.07753445063362,3.90982038390463,3.44934567212442,2.80317759843851,3.70399803694607,2.8586185411749,3.19429445788025,3.55981310683297,3.60225796634857,3.44473460259213,3.44077414248388,2.9316563077068,2.94783494898547,3.3210841663804,3.52126283654767,3.31780719338864,3.44062048687145,3.25010540058021,3.17770457639505,3.86784953615135,3.30600350396771,3.14127692876486,3.46865618966058,3.06332855282191,2.89203197732175,3.3205225853728,3.00955431003438,3.32498584813051,3.34715475603336,3.2194590919406,3.78014545788293,3.73820128020612,2.82147400701075,3.77561336319337,3.35653830838094,3.32384931668131,3.44329065342896,3.11087082714067,3.79641929093881,3.24200433908441,3.13127626016695,3.30187612926983,3.31747184062665,2.76428961877024,3.33821393074764,3.30340960961162,3.72160912882103,3.46489053489113,3.0056430500393,2.66654912466562,3.16948921248668,3.41312077865854,3.60779890881232,3.21741301275836,3.61662087770355,3.59546497399706,3.28933417144072,3.24968291955003,2.94138668090923,3.18304488828932,3.00933619567293,2.54400364814842,3.49901869427686,3.58738260399687,2.96784166069987,2.99446009192507,3.33230782869388,3.36682110615643,2.86785476303683,3.70714946132524,2.79280000347666,2.61489528307382,2.98286516336345,3.20825446737125,2.64552263916911,3.1269178286764,3.26346948331805,3.54098226486227,3.23802650744054,3.36982042318602,3.40738236251733,2.99241423799189,3.64625994608165,3.01601592977374,3.62404232511223
